review,rating,category
"Claims denied without reason, very quite frustrating.",5,Pricing
Easy to understand policy terms.,1,Pricing
"Outstanding customer service, very helpful.",5,Customer Service
"Excellent support, highly recommend.",3,Pricing
Claims quite process is complicated and slow.,2,Policy Terms
"Outstanding customer service, somewhat very helpful.",4,Pricing
"Great insurance, swift claims processing.",2,Customer Service
"Outstanding customer service, very extremely helpful.",4,Policy Terms
Customer service representatives are knowledgeable.,4,Customer Service
"Affordable premiums, but really coverage is limited.",2,Customer Service
"Outstanding customer service, very helpful.",2,Pricing
Coverage options meet my needs perfectly.,3,Coverage
"Good value for money, satisfied customer.",2,Coverage
Claims process is complicated and slow.,3,Pricing
"Great insurance, swift claims processing.",2,Coverage
Customer service representatives are knowledgeable.,4,Coverage
Premiums are reasonable for the coverage provided.,1,Claims
"Reliable somewhat company, been with them for years.",1,Coverage
Customer service representatives are knowledgeable.,2,Coverage
"Outstanding customer service, very helpful.",1,Pricing
"Claims denied without reason, very frustrating.",3,Coverage
"Terrible experience, will not renew.",4,Claims
Claims process very is complicated and slow.,5,Pricing
Quick and easy online portal.,4,Pricing
Easy to understand policy terms.,4,Claims
"Excellent support, highly extremely recommend.",3,Claims
"Affordable premiums, but coverage is limited.",2,Pricing
"Excellent support, highly recommend.",1,Pricing
Billing department is efficient and accurate.,2,Pricing
"Outstanding customer service, very helpful.",3,Claims
"Outstanding customer extremely service, very helpful.",1,Coverage
"Hidden fees, not really transparent.",5,Pricing
Billing department is efficient and accurate.,1,Pricing
Highly recommend this insurance provider.,1,Pricing
Customer service representatives are knowledgeable.,1,Coverage
"Affordable premiums, somewhat but coverage is limited.",1,Claims
"Hidden fees, not transparent.",5,Claims
Easy to understand policy terms.,5,Customer Service
Easy to understand policy terms.,2,Claims
Coverage options meet my needs perfectly.,5,Policy Terms
Frustrated with the renewal process.,5,Claims
Customer service representatives are really knowledgeable.,5,Customer Service
"Hidden fees, not transparent.",5,Coverage
"Affordable premiums, but coverage is limited.",1,Claims
"Good value for money, satisfied customer.",3,Policy Terms
"Good value for money, satisfied customer.",3,Customer Service
"Great insurance, fast claims processing.",5,Policy Terms
"Good value for money, satisfied customer.",3,Coverage
"Poor customer service, took forever to get a response.",4,Coverage
Frustrated with the renewal process.,2,Claims
"Good value for money, satisfied customer.",5,Policy Terms
Premiums are reasonable for the coverage provided.,3,Coverage
"Poor customer service, took forever to get a response.",2,Claims
"Good value for money, satisfied customer.",5,Claims
Easy to understand policy terms.,3,Coverage
Billing department is efficient and accurate.,1,Coverage
"Terrible experience, will not renew.",1,Claims
"Great insurance, fast claims processing.",1,Customer Service
"Great insurance, speedy claims processing.",2,Policy Terms
"Hidden somewhat fees, not transparent.",1,Customer Service
Frustrated with the renewal process.,4,Customer Service
Highly recommend this insurance provider.,5,Claims
"Claims denied without reason, very frustrating.",3,Policy Terms
"Affordable premiums, but extremely coverage is limited.",4,Claims
Premiums are reasonable for the coverage provided.,2,Customer Service
"Affordable premiums, but very coverage is limited.",1,Customer Service
"Had issues with claim settlement, not satisfied.",2,Policy Terms
Frustrated with the renewal process.,1,Pricing
"Great insurance, fast claims processing.",5,Claims
Claims process is complicated and slow.,4,Policy Terms
"Terrible experience, will not renew.",5,Policy Terms
"Poor customer service, took forever to get a response.",5,Customer Service
"Hidden fees, not transparent.",5,Pricing
"Had issues with claim settlement, not satisfied.",5,Pricing
"Had issues with claim settlement, not satisfied.",5,Claims
"Great insurance, speedy claims processing.",3,Customer Service
"Poor customer service, took forever to get a response.",2,Coverage
Premiums are reasonable for the coverage provided.,4,Policy Terms
Quick and easy online portal.,4,Policy Terms
"Excellent support, highly recommend.",2,Policy Terms
Quick and easy online extremely portal.,3,Coverage
"Excellent support, highly recommend.",1,Coverage
Claims process is complicated and delayed.,2,Coverage
"Good value for money, satisfied customer.",1,Claims
Claims process is complicated and slow.,1,Coverage
"Excellent support, highly really recommend.",4,Claims
Coverage options meet my needs perfectly.,2,Coverage
"Affordable premiums, but coverage really is limited.",3,Customer Service
"Had issues with claim settlement, not satisfied.",2,Coverage
"Reliable company, been with them for years.",4,Customer Service
"Terrible experience, very will not renew.",5,Claims
Coverage really options meet my needs perfectly.,4,Customer Service
"Hidden fees, not transparent.",4,Claims
"Reliable company, been with them for years.",4,Claims
"Outstanding customer service, very helpful.",3,Pricing
Premiums are reasonable for the extremely coverage provided.,3,Pricing
"Great insurance, fast very claims processing.",4,Claims
Claims process is quite complicated and slow.,3,Policy Terms
"Good value for money, satisfied customer.",4,Claims
Premiums very are reasonable for the coverage provided.,1,Policy Terms
"Reliable company, been with them for years.",3,Policy Terms
"Reliable company, been with them for years.",2,Pricing
"Affordable premiums, extremely but coverage is limited.",2,Claims
Highly recommend this really insurance provider.,5,Pricing
Premiums are reasonable for the coverage provided.,4,Customer Service
Frustrated with the renewal process.,1,Claims
Premiums are reasonable for the coverage provided.,1,Customer Service
"Poor customer service, took forever to get a response.",5,Pricing
"Poor customer service, took forever to get a response.",2,Customer Service
"Had issues with claim settlement, not satisfied.",3,Claims
"Poor customer service, took forever really to get a response.",4,Pricing
Quick and easy online portal.,3,Policy Terms
"Excellent support, highly recommend.",3,Policy Terms
Highly recommend this insurance provider.,4,Policy Terms
Claims process is complicated and slow.,3,Claims
Premiums are reasonable for the coverage provided.,1,Pricing
"Terrible experience, will not renew.",4,Coverage
"Affordable premiums, but coverage is limited.",2,Customer Service
Claims process is complicated and delayed.,1,Pricing
"Had issues with claim settlement, not satisfied.",1,Claims
"Reliable company, been with them for years.",4,Coverage
"Hidden fees, not transparent.",3,Pricing
Coverage options meet my needs perfectly.,3,Pricing
Billing department is efficient and accurate.,4,Pricing
"Hidden fees, really not transparent.",5,Pricing
Claims process is complicated and extremely slow.,1,Pricing
"Claims denied without reason, very frustrating.",5,Coverage
Highly recommend this insurance provider.,3,Policy Terms
Billing department is somewhat efficient and accurate.,4,Policy Terms
"Good value for money, extremely satisfied customer.",5,Customer Service
Coverage options meet my needs perfectly.,4,Customer Service
Billing department is efficient and somewhat accurate.,2,Coverage
"Affordable premiums, but coverage is limited.",5,Coverage
"Poor customer service, took forever to get a response.",2,Policy Terms
Highly recommend this insurance provider.,4,Claims
"Terrible experience, will not renew.",3,Policy Terms
"Had issues with claim settlement, not satisfied.",1,Pricing
"Affordable premiums, but coverage is quite limited.",1,Claims
Highly recommend this insurance provider.,3,Customer Service
"Had issues with claim settlement, not satisfied.",3,Coverage
Coverage options meet my needs perfectly.,3,Claims
Quick and easy online portal.,2,Customer Service
Easy to understand policy terms.,1,Customer Service
"Outstanding customer service, very helpful.",4,Policy Terms
Easy to understand policy terms.,5,Coverage
Customer service representatives are knowledgeable.,5,Claims
"Good value for money, satisfied customer.",4,Customer Service
"Terrible experience, will not renew.",5,Coverage
"Claims denied without very reason, very frustrating.",2,Policy Terms
Billing department is efficient and accurate.,5,Customer Service
Highly recommend this insurance provider.,4,Coverage
"Reliable company, been with them for years.",1,Customer Service
"Hidden fees, not transparent.",1,Customer Service
Billing department is efficient and accurate.,2,Policy Terms
Frustrated with the renewal process.,2,Policy Terms
"Good value for money, very satisfied customer.",1,Policy Terms
Claims process is complicated and slow.,1,Pricing
"Poor customer service, took forever to get a response.",1,Claims
Premiums are reasonable for the coverage provided.,5,Customer Service
Customer somewhat service representatives are knowledgeable.,4,Policy Terms
"Excellent support, highly recommend.",1,Claims
"Hidden fees, not extremely transparent.",5,Coverage
"Terrible experience, will not renew.",3,Claims
"Claims denied without reason, very frustrating.",1,Claims
Frustrated with the renewal somewhat process.,2,Customer Service
"Good value for really money, satisfied customer.",5,Coverage
"Excellent support, highly recommend.",1,Policy Terms
Easy to understand policy terms.,4,Policy Terms
Frustrated with the extremely renewal process.,2,Policy Terms
Coverage options meet my needs perfectly.,1,Claims
"Excellent support, extremely highly recommend.",2,Policy Terms
Easy to understand policy terms.,5,Policy Terms
Claims process is complicated and slow.,2,Pricing
Highly recommend this insurance provider.,1,Claims
"Hidden fees, not transparent.",2,Coverage
"Reliable company, quite been with them for years.",3,Customer Service
Easy to understand policy terms.,3,Customer Service
"Hidden fees, not transparent.",4,Pricing
Claims process is complicated very and slow.,5,Policy Terms
"Affordable premiums, but coverage is limited.",1,Pricing
"Outstanding customer service, very helpful.",1,Coverage
"Claims denied without reason, very frustrating.",4,Customer Service
Frustrated quite with the renewal process.,5,Coverage
"Had issues with claim settlement, not satisfied.",4,Coverage
Frustrated with the renewal process.,4,Claims
Frustrated with the renewal process.,5,Pricing
"Outstanding customer very service, very helpful.",1,Pricing
"Great insurance, fast claims processing.",5,Coverage
Billing department is efficient and accurate.,4,Policy Terms
Premiums are reasonable for the coverage provided.,2,Policy Terms
Quick and easy online portal.,3,Claims
"Good value for money, extremely satisfied customer.",2,Claims
"Reliable company, been with them for years.",5,Coverage
"Outstanding customer service, very helpful.",3,Policy Terms
"Poor customer service, took forever to get a response.",4,Claims
"Terrible experience, will not renew.",1,Coverage
"Great insurance, fast claims extremely processing.",1,Claims
"Outstanding customer service, very helpful.",2,Customer Service
"Poor customer service, took forever to get a response.",5,Policy Terms
"Poor customer service, took forever to get a response.",5,Coverage
"Claims denied without reason, very frustrating.",2,Customer Service
"Had issues with claim settlement, not satisfied.",4,Customer Service
"Had issues with claim settlement, not satisfied.",5,Coverage
Quick and simple online portal.,4,Customer Service
Quick and really easy online portal.,1,Coverage
"Excellent support, highly recommend.",3,Coverage
"Claims denied without reason, very frustrating.",2,Policy Terms
Customer service representatives are very knowledgeable.,4,Policy Terms
"Terrible experience, will not renew.",5,Customer Service
"Poor customer service, took forever to get a response.",1,Coverage
"Excellent support, highly recommend.",2,Claims
"Hidden fees, not transparent.",4,Coverage
"Good value for money, satisfied customer.",5,Customer Service
"Great extremely insurance, fast claims processing.",1,Coverage
"Affordable premiums, but coverage is limited.",4,Claims
Coverage options meet my needs perfectly.,3,Policy Terms
"Great insurance, swift claims processing.",1,Policy Terms
Frustrated with the renewal process.,4,Pricing
"Excellent support, highly recommend.",5,Coverage
Billing quite department is efficient and accurate.,5,Customer Service
"Reliable company, been with them for years.",3,Customer Service
Highly recommend this insurance provider.,5,Coverage
"Affordable premiums, but coverage quite is limited.",1,Policy Terms
"Affordable premiums, but coverage is limited.",5,Customer Service
"Great insurance, speedy claims processing.",4,Policy Terms
Frustrated somewhat with the renewal process.,4,Policy Terms
Customer service representatives are knowledgeable.,2,Policy Terms
Customer service representatives are knowledgeable.,1,Pricing
Coverage options meet my needs perfectly.,4,Coverage
Claims process is complicated and sluggish.,5,Customer Service
"Affordable premiums, but coverage is somewhat limited.",5,Claims
Customer service representatives are knowledgeable.,2,Claims
"Great insurance, fast claims processing.",1,Claims
"Terrible experience, will not renew.",1,Policy Terms
Premiums are reasonable for the coverage provided.,2,Claims
"Affordable premiums, but coverage is limited.",4,Policy Terms
Customer service representatives are knowledgeable.,4,Claims
Coverage options meet my needs perfectly.,1,Policy Terms
"Poor customer service, took forever to get a response.",3,Coverage
Frustrated with the renewal process.,2,Coverage
Claims process is complicated and sluggish.,1,Policy Terms
"Had issues with claim settlement, not satisfied.",5,Customer Service
"Claims denied without reason, very frustrating.",2,Claims
Billing department is efficient and accurate.,3,Customer Service
Customer service representatives are knowledgeable.,1,Customer Service
Frustrated with the renewal process.,1,Coverage
"Reliable company, been with them for years.",2,Coverage
Billing department is efficient and accurate.,5,Claims
Coverage options meet my needs perfectly.,5,Customer Service
Frustrated with the renewal process.,4,Policy Terms
Coverage options meet my needs very perfectly.,4,Policy Terms
"Reliable company, been with them for years.",1,Policy Terms
Premiums are reasonable for the coverage provided.,5,Claims
Frustrated with the renewal process.,1,Customer Service
Highly recommend this insurance provider.,1,Customer Service
Billing department is efficient and accurate.,3,Coverage
"Affordable premiums, but coverage is limited.",4,Customer Service
"Affordable premiums, but coverage is limited.",3,Claims
Claims process is complicated and lethargic.,2,Policy Terms
Quick and easy online portal.,3,Coverage
"Great insurance, quick claims processing.",3,Customer Service
"Good value for money, satisfied customer.",5,Pricing
"Excellent support, highly recommend.",5,Pricing
Quick and uncomplicated online portal.,4,Claims
"Good value for money, satisfied customer.",3,Pricing
Highly recommend this insurance provider.,2,Policy Terms
"Affordable premiums, but coverage is limited.",1,Policy Terms
Customer service representatives are knowledgeable.,5,Policy Terms
"Had issues with claim settlement, not satisfied.",5,Policy Terms
"Had issues with claim settlement, not satisfied.",3,Pricing
Frustrated with the really renewal process.,4,Customer Service
Easy to understand policy terms.,1,Coverage
Claims process is complicated and slow.,3,Customer Service
"Affordable premiums, but coverage is limited.",3,Coverage
"Hidden fees, not transparent.",1,Pricing
"Excellent support, highly recommend.",5,Claims
"Great insurance, fast claims processing.",5,Customer Service
"Great insurance, fast claims processing.",4,Claims
Premiums are reasonable for the coverage provided.,4,Claims
Easy to understand policy terms.,5,Claims
"Good value for money, satisfied customer.",1,Customer Service
"Poor customer service, took forever to get a response.",3,Claims
"Great insurance, fast claims processing.",2,Coverage
Customer very service representatives are knowledgeable.,2,Pricing
"Good value for money, satisfied very customer.",2,Customer Service
"Claims denied without reason, very frustrating.",5,Claims
Frustrated with very the renewal process.,5,Claims
Coverage options meet my needs extremely perfectly.,5,Customer Service
"Affordable premiums, but coverage is limited.",1,Customer Service
"Hidden really fees, not transparent.",3,Customer Service
Premiums are reasonable for really the coverage provided.,2,Policy Terms
"Hidden fees, very not transparent.",1,Claims
Coverage options meet my needs perfectly.,4,Pricing
"Claims extremely denied without reason, very frustrating.",4,Claims
"Excellent support, highly recommend.",2,Pricing
Quick and easy online portal.,5,Customer Service
"Great insurance, fast claims processing.",2,Pricing
"Affordable premiums, somewhat but coverage is limited.",4,Policy Terms
"Great insurance, fast claims processing.",1,Pricing
"Affordable premiums, but coverage somewhat is limited.",4,Coverage
Claims process is complicated and slow.,2,Claims
Premiums are reasonable for the coverage provided.,1,Coverage
"Excellent support, highly recommend.",5,Customer Service
Claims process is complicated and delayed.,5,Customer Service
"Excellent somewhat support, highly recommend.",5,Customer Service
Easy to understand policy terms.,3,Policy Terms
"Claims denied without reason, very frustrating.",5,Pricing
Billing department is efficient and accurate.,2,Coverage
"Affordable premiums, but coverage is limited.",2,Claims
"Had issues with claim settlement, not satisfied.",1,Policy Terms
"Reliable company, been with them for really years.",3,Policy Terms
Premiums are reasonable extremely for the coverage provided.,3,Customer Service
Coverage options meet my needs perfectly.,4,Policy Terms
Quick and easy online portal.,1,Policy Terms
"Great insurance, quick claims processing.",5,Coverage
"Great insurance, fast claims processing.",3,Customer Service
Easy to understand policy terms.,4,Coverage
Claims somewhat process is complicated and lethargic.,2,Coverage
"Excellent support, highly recommend.",2,Customer Service
"Claims denied without reason, very frustrating.",1,Customer Service
"Outstanding customer service, very helpful.",2,Coverage
"Poor customer service, took really forever to get a response.",4,Customer Service
"Claims denied without reason, very frustrating.",3,Pricing
"Claims denied without reason, very frustrating.",1,Coverage
Customer service representatives are knowledgeable.,5,Coverage
"Outstanding customer service, very helpful.",1,Policy Terms
"Claims denied without really reason, very frustrating.",1,Policy Terms
Highly recommend this insurance provider.,2,Pricing
Billing department is efficient and accurate.,4,Customer Service
Quick and simple online portal.,3,Coverage
Coverage options meet my needs perfectly.,5,Coverage
Claims process is complicated and very slow.,1,Coverage
Frustrated with extremely the renewal process.,4,Customer Service
"Great insurance, rapid claims processing.",4,Pricing
"Poor customer service, took forever to get a quite response.",5,Customer Service
Frustrated with the renewal process.,3,Coverage
"Good value for money, satisfied customer.",2,Customer Service
"Great insurance, fast claims processing.",4,Customer Service
"Had extremely issues with claim settlement, not satisfied.",1,Coverage
"Good value for money, satisfied customer.",4,Pricing
Coverage options meet my needs perfectly.,5,Pricing
Billing department is efficient and accurate.,5,Coverage
Premiums are reasonable for the coverage really provided.,1,Claims
"Excellent support, highly recommend.",4,Coverage
"Outstanding really customer service, very helpful.",2,Policy Terms
Quick and easy online portal.,3,Pricing
"Claims denied without reason, really very frustrating.",4,Pricing
"Good value for money, satisfied customer.",5,Coverage
"Good value for money, extremely satisfied customer.",2,Policy Terms
Premiums are reasonable for the coverage provided.,5,Policy Terms
"Excellent support, highly recommend.",1,Customer Service
"Excellent support, highly recommend.",4,Claims
"Terrible experience, will not somewhat renew.",5,Coverage
"Hidden fees, not transparent.",4,Policy Terms
"Claims denied without reason, very frustrating.",4,Claims
Easy to understand policy terms.,2,Coverage
Billing department is efficient and accurate.,4,Claims
"Terrible experience, will not renew.",4,Pricing
Claims process is complicated and slow.,3,Policy Terms
Quick and easy online portal.,2,Pricing
"Great insurance, fast claims processing.",2,Claims
"Reliable company, been with them for years.",1,Coverage
"Terrible experience, will not renew.",4,Policy Terms
"Terrible experience, will not renew.",3,Customer Service
Highly recommend this insurance provider.,2,Coverage
Claims process is complicated and lethargic.,5,Claims
Billing department is very efficient and accurate.,5,Pricing
Frustrated with the renewal process.,3,Pricing
Premiums are reasonable for the coverage provided.,4,Pricing
"Terrible very experience, will not renew.",2,Pricing
"Excellent support, highly very recommend.",4,Pricing
"Affordable premiums, but quite coverage is limited.",2,Coverage
Claims process is complicated and slow.,4,Pricing
Coverage options meet very my needs perfectly.,4,Pricing
"Reliable company, been with them for years.",3,Pricing
"Claims denied without reason, quite very frustrating.",3,Coverage
"Outstanding customer service, very helpful.",3,Customer Service
"Affordable premiums, but coverage is quite limited.",1,Customer Service
Claims process is complicated and sluggish.,4,Coverage
Premiums are reasonable for the coverage provided.,1,Policy Terms
Premiums quite are reasonable for the coverage provided.,2,Customer Service
"Had issues with claim somewhat settlement, not satisfied.",1,Claims
"Poor customer service, took forever to get extremely a response.",5,Pricing
Quick and easy online portal.,2,Coverage
"Excellent support, highly recommend.",3,Customer Service
"Outstanding customer service, quite very helpful.",4,Policy Terms
Highly recommend this insurance provider.,2,Customer Service
"Terrible experience, will not renew.",1,Pricing
"Excellent support, highly recommend.",4,Customer Service
Billing department is efficient and accurate.,1,Claims
Claims process is complicated and tardy.,1,Claims
"Excellent support, highly recommend.",3,Claims
"Hidden fees, not transparent.",2,Customer Service
Easy to understand quite policy terms.,2,Coverage
Easy to understand policy terms.,2,Customer Service
"Had issues with claim settlement, extremely not satisfied.",4,Coverage
Claims very process is complicated and slow.,3,Claims
"Excellent support, quite highly recommend.",2,Policy Terms
"Hidden extremely fees, not transparent.",3,Pricing
Billing department is efficient and accurate.,1,Policy Terms
"Excellent support, highly extremely recommend.",4,Customer Service
"Outstanding customer really service, very helpful.",2,Claims
Billing department is efficient and accurate.,2,Claims
"Had issues with claim settlement, not satisfied.",2,Customer Service
Quick and straightforward really online portal.,1,Customer Service
Customer service quite representatives are knowledgeable.,3,Customer Service
"Outstanding customer service, very helpful.",5,Claims
"Great insurance, speedy claims processing.",1,Coverage
"Terrible somewhat experience, will not renew.",4,Claims
Customer service representatives are knowledgeable.,3,Coverage
"Good really value for money, satisfied customer.",5,Customer Service
Billing department is efficient and accurate.,4,Coverage
Easy very to understand policy terms.,3,Pricing
Quick and straightforward online portal.,5,Coverage
"Good really value for money, satisfied customer.",1,Policy Terms
Billing department is efficient and very accurate.,3,Pricing
"Reliable company, been with them for years.",4,Policy Terms
"Hidden fees, really not transparent.",3,Pricing
Premiums are reasonable for the coverage provided.,2,Pricing
"Good somewhat value for money, satisfied customer.",3,Policy Terms
"Excellent support, really highly recommend.",1,Policy Terms
Quick and easy somewhat online portal.,1,Coverage
"Outstanding customer service, very helpful.",5,Policy Terms
Premiums are reasonable for somewhat the coverage provided.,3,Pricing
"Poor customer service, took forever to get somewhat a response.",2,Claims
Coverage options meet quite my needs perfectly.,4,Claims
Quick and uncomplicated online portal.,1,Customer Service
"Good value for money, really satisfied customer.",2,Pricing
Claims process is complicated and quite delayed.,1,Coverage
"Reliable company, been with them for years.",3,Coverage
Customer service somewhat representatives are knowledgeable.,4,Pricing
Quick and easy online portal.,2,Claims
Billing department is efficient and accurate.,3,Policy Terms
"Had issues with really claim settlement, not satisfied.",4,Policy Terms
"Hidden fees, not transparent.",3,Coverage
"Great insurance, speedy claims processing.",2,Claims
"Great insurance, fast claims processing.",3,Pricing
Premiums are reasonable for the coverage provided.,4,Coverage
"Good value for money, satisfied customer.",2,Claims
"Reliable company, been with them for years.",1,Pricing
"Terrible experience, will not renew.",2,Coverage
"Poor quite customer service, took forever to get a response.",3,Customer Service
"Outstanding quite customer service, very helpful.",2,Pricing
Claims process is complicated and tardy.,3,Policy Terms
Quick and straightforward online portal.,1,Pricing
"Claims denied without reason, very frustrating.",4,Pricing
"Great insurance, fast claims very processing.",1,Claims
"Had issues with claim very settlement, not satisfied.",2,Policy Terms
"Good value for money, satisfied customer.",1,Policy Terms
"Affordable premiums, but coverage is limited.",2,Policy Terms
"Reliable company, been with them for years.",2,Claims
"Good value for money, satisfied customer.",2,Pricing
"Excellent support, highly recommend.",4,Policy Terms
Billing department is quite efficient and accurate.,5,Coverage
Customer quite service representatives are knowledgeable.,5,Pricing
"Outstanding customer service, very helpful.",5,Pricing
Claims process is complicated and slow.,4,Coverage
Quick and really easy online portal.,5,Coverage
Quick and easy quite online portal.,3,Pricing
"Good value for money, satisfied customer.",4,Policy Terms
"Claims denied without reason, very frustrating.",5,Customer Service
"Outstanding customer service, very helpful.",2,Claims
"Great insurance, quite swift claims processing.",5,Pricing
"Hidden fees, not really transparent.",3,Policy Terms
"Affordable premiums, but coverage is limited.",1,Coverage
"Excellent support, highly recommend.",2,Coverage
"Had issues with claim settlement, not satisfied.",3,Policy Terms
Billing department is efficient and accurate.,3,Pricing
Frustrated with very the renewal process.,3,Coverage
"Great insurance, quick very claims processing.",2,Claims
"Hidden fees, very not transparent.",1,Coverage
"Affordable premiums, but coverage is limited.",3,Policy Terms
"Affordable premiums, but coverage is limited.",4,Coverage
"Hidden quite fees, not transparent.",3,Claims
Frustrated with quite the renewal process.,3,Customer Service
Highly recommend this insurance provider.,4,Customer Service
Claims process is complicated and slow.,3,Coverage
Claims process is complicated and slow.,5,Customer Service
Customer service representatives are knowledgeable.,5,Pricing
Customer service representatives are knowledgeable.,2,Pricing
"Affordable premiums, but extremely coverage is limited.",1,Coverage
Customer service representatives are knowledgeable.,4,Pricing
Highly recommend this insurance provider.,2,Claims
"Terrible experience, will not renew.",4,Customer Service
Claims process is complicated and lethargic.,4,Customer Service
"Hidden fees, not transparent.",1,Claims
"Good value for money, satisfied customer.",1,Pricing
"Claims very denied without reason, very frustrating.",1,Claims
Quick and easy online portal.,2,Policy Terms
"Poor customer service, really took forever to get a response.",5,Customer Service
Highly recommend this insurance provider.,1,Policy Terms
Quick and easy online portal.,4,Customer Service
Highly recommend this insurance provider.,3,Claims
"Had issues with claim extremely settlement, not satisfied.",3,Policy Terms
"Great insurance, fast claims processing.",4,Pricing
Quick and easy online portal.,1,Customer Service
Coverage options meet my needs perfectly.,2,Pricing
Billing department is efficient very and accurate.,1,Claims
"Claims denied without reason, very frustrating.",3,Claims
Quick and simple online portal.,2,Pricing
Coverage options meet my needs perfectly.,2,Claims
"Reliable extremely company, been with them for years.",1,Customer Service
"Hidden fees, not somewhat transparent.",1,Claims
"Reliable very company, been with them for years.",1,Claims
"Hidden fees, extremely not transparent.",2,Coverage
"Poor customer service, took forever to get a response.",3,Customer Service
Quick and easy online portal.,5,Claims
"Terrible somewhat experience, will not renew.",5,Pricing
"Claims denied really without reason, very frustrating.",4,Customer Service
Claims process quite is complicated and slow.,5,Pricing
Customer service representatives are knowledgeable.,4,Policy Terms
"Excellent support, highly recommend.",4,Pricing
"Poor customer service, took forever to get a response.",4,Customer Service
"Hidden somewhat fees, not transparent.",3,Customer Service
"Outstanding customer really service, very helpful.",3,Pricing
"Poor customer service, took forever to get a response.",5,Claims
Highly recommend this insurance provider.,5,Policy Terms
"Great insurance, rapid claims processing.",3,Customer Service
Easy to very understand policy terms.,1,Claims
"Hidden fees, not transparent.",2,Pricing
"Reliable company, been with them for years.",4,Pricing
Easy quite to understand policy terms.,4,Claims
Billing department is efficient and accurate.,5,Policy Terms
Premiums are reasonable for the coverage provided.,5,Pricing
Customer service representatives are knowledgeable.,3,Policy Terms
Highly extremely recommend this insurance provider.,1,Customer Service
"Great insurance, fast claims processing.",3,Coverage
Billing department is efficient and accurate.,1,Customer Service
Frustrated with the renewal process.,5,Coverage
Customer service representatives are knowledgeable.,3,Claims
"Claims denied without reason, very extremely frustrating.",2,Pricing
"Great insurance, quick claims processing.",3,Coverage
Quick and easy really online portal.,1,Customer Service
Highly recommend this insurance provider.,3,Coverage
"Terrible experience, will not renew.",5,Pricing
Highly really recommend this insurance provider.,5,Claims
"Hidden quite fees, not transparent.",3,Policy Terms
Coverage options meet my needs perfectly.,5,Claims
Quick and easy online portal.,4,Claims
Customer service extremely representatives are knowledgeable.,4,Policy Terms
"Great insurance, fast claims processing.",1,Policy Terms
"Great insurance, extremely fast claims processing.",5,Claims
"Great really insurance, rapid claims processing.",1,Claims
"Outstanding customer service, very helpful.",1,Claims
Premiums are reasonable for the really coverage provided.,5,Policy Terms
Customer service representatives very are knowledgeable.,1,Claims
"Terrible experience, will not renew.",2,Pricing
"Claims denied without reason, very frustrating.",2,Pricing
Premiums are reasonable for the coverage provided.,3,Pricing
Highly recommend this insurance quite provider.,1,Customer Service
"Claims denied without reason, very frustrating.",4,Policy Terms
"Claims denied without reason, very frustrating.",1,Pricing
Quick and uncomplicated online portal.,5,Policy Terms
"Outstanding customer service, very really helpful.",3,Coverage
Frustrated with the extremely renewal process.,1,Customer Service
Premiums are reasonable for the coverage provided.,2,Coverage
Claims process is complicated and sluggish.,4,Customer Service
"Outstanding customer service, very helpful.",3,Coverage
"Hidden fees, not transparent.",3,Customer Service
Customer service representatives are very knowledgeable.,1,Claims
"Good value for money, somewhat satisfied customer.",4,Claims
"Excellent support, highly recommend.",5,Policy Terms
"Affordable premiums, but coverage is limited.",5,Pricing
Coverage really options meet my needs perfectly.,1,Pricing
"Great insurance, fast claims processing.",4,Policy Terms
Easy to understand somewhat policy terms.,2,Policy Terms
Coverage options meet my somewhat needs perfectly.,2,Coverage
Claims process is complicated and sluggish.,3,Claims
"Hidden fees, very not transparent.",4,Pricing
"Claims denied really without reason, very frustrating.",3,Policy Terms
"Great insurance, speedy claims processing.",5,Customer Service
Customer somewhat service representatives are knowledgeable.,1,Pricing
Customer service representatives are knowledgeable.,1,Policy Terms
Easy to understand policy terms.,3,Claims
"Claims denied without reason, very frustrating.",2,Coverage
Quick and straightforward online portal.,5,Customer Service
Coverage options meet my needs perfectly.,2,Policy Terms
Claims process is complicated and extremely delayed.,3,Policy Terms
"Terrible experience, will not renew.",2,Policy Terms
Coverage options meet my needs perfectly.,3,Customer Service
Claims process is complicated and slow.,5,Claims
Customer service representatives are knowledgeable.,2,Customer Service
Highly recommend this insurance provider.,5,Pricing
"Affordable premiums, but coverage is limited.",2,Coverage
Customer service representatives are knowledgeable.,5,Customer Service
"Poor customer service, took forever to get a response.",1,Policy Terms
Coverage options meet my needs perfectly.,2,Customer Service
Premiums are reasonable for the coverage very provided.,3,Customer Service
"Great insurance, speedy claims processing.",4,Customer Service
Easy to understand policy terms.,3,Pricing
Easy very to understand policy terms.,4,Claims
"Poor really customer service, took forever to get a response.",2,Claims
"Had issues with claim settlement, not satisfied.",4,Claims
"Good value for money, really satisfied customer.",5,Policy Terms
Premiums are reasonable for the coverage provided.,3,Claims
"Poor customer service, took forever to get a response.",2,Pricing
Claims process is complicated and tardy.,4,Customer Service
Easy to understand policy really terms.,3,Claims
Quick and easy online really portal.,3,Policy Terms
"Terrible experience, somewhat will not renew.",5,Policy Terms
"Had issues with claim settlement, not satisfied.",2,Pricing
Easy to understand policy terms.,4,Customer Service
Claims process is complicated and somewhat tardy.,3,Pricing
"Great insurance, rapid claims processing.",5,Pricing
Premiums quite are reasonable for the coverage provided.,3,Claims
"Outstanding customer service, really very helpful.",3,Customer Service
Claims process is quite complicated and slow.,1,Pricing
"Reliable company, been with them for years.",3,Claims
Customer service representatives are very knowledgeable.,4,Customer Service
"Reliable company, been with them for extremely years.",4,Claims
"Poor customer service, took somewhat forever to get a response.",4,Coverage
Claims process is extremely complicated and slow.,1,Claims
"Affordable premiums, somewhat but coverage is limited.",1,Customer Service
Claims process is complicated really and lethargic.,5,Coverage
Claims process is complicated and slow.,2,Coverage
Premiums are reasonable for the coverage provided.,3,Customer Service
"Terrible experience, will not extremely renew.",4,Claims
"Terrible experience, will not renew.",3,Pricing
Easy to understand policy terms.,2,Pricing
Easy to quite understand policy terms.,3,Pricing
"Had issues with claim settlement, not satisfied.",1,Coverage
"Reliable company, been really with them for years.",2,Customer Service
"Had issues with claim settlement, somewhat not satisfied.",4,Coverage
"Terrible experience, somewhat will not renew.",4,Coverage
Claims process really is complicated and slow.,4,Coverage
Coverage extremely options meet my needs perfectly.,4,Coverage
"Great insurance, fast claims processing.",3,Claims
"Had quite issues with claim settlement, not satisfied.",3,Pricing
"Great insurance, speedy claims quite processing.",4,Coverage
Easy to understand somewhat policy terms.,5,Customer Service
Frustrated with extremely the renewal process.,4,Claims
"Great insurance, fast claims processing.",2,Customer Service
"Reliable company, been with them for years.",5,Customer Service
"Reliable company, been with them for years.",2,Policy Terms
Quick and easy online portal.,1,Claims
Highly recommend this insurance somewhat provider.,3,Policy Terms
"Good value for money, really satisfied customer.",1,Pricing
Highly somewhat recommend this insurance provider.,3,Policy Terms
"Good very value for money, satisfied customer.",4,Coverage
Claims process is complicated and delayed.,1,Policy Terms
Claims process is complicated and sluggish.,3,Coverage
"Hidden fees, not somewhat transparent.",5,Pricing
"Had issues with claim settlement, not quite satisfied.",1,Claims
"Hidden fees, not transparent.",1,Coverage
Quick quite and easy online portal.,5,Claims
"Hidden fees, somewhat not transparent.",1,Coverage
"Had issues with claim settlement, not satisfied.",4,Policy Terms
Customer service representatives are very knowledgeable.,2,Pricing
"Affordable premiums, but coverage is limited.",4,Pricing
"Great insurance, fast quite claims processing.",4,Coverage
"Had issues with claim really settlement, not satisfied.",4,Policy Terms
"Good value for money, satisfied somewhat customer.",2,Policy Terms
Claims process really is complicated and tardy.,2,Customer Service
"Great insurance, fast claims very processing.",4,Claims
"Hidden fees, not quite transparent.",4,Policy Terms
"Poor customer service, took forever to get a response.",3,Pricing
"Claims denied without reason, quite very frustrating.",1,Customer Service
Premiums are reasonable for the coverage provided.,3,Policy Terms
"Outstanding customer service, very helpful.",4,Customer Service
Claims process is complicated and slow.,1,Customer Service
Premiums are reasonable for the quite coverage provided.,3,Customer Service
Claims process is complicated and tardy.,5,Policy Terms
"Poor customer service, took forever to get a response.",1,Customer Service
Customer service representatives are knowledgeable.,3,Customer Service
"Affordable premiums, but coverage is very limited.",5,Customer Service
Claims process really is complicated and slow.,3,Claims
"Reliable company, been with somewhat them for years.",2,Policy Terms
Frustrated with the renewal process.,2,Customer Service
Claims process is complicated and slow.,5,Pricing
Claims process is complicated and somewhat slow.,5,Policy Terms
"Good value for money, satisfied customer.",4,Coverage
Highly recommend this insurance provider.,1,Coverage
Easy to understand policy terms.,5,Pricing
Claims process is complicated and tardy.,5,Pricing
Coverage options meet somewhat my needs perfectly.,1,Coverage
Frustrated with the renewal process.,5,Policy Terms
Premiums extremely are reasonable for the coverage provided.,3,Claims
Claims process is complicated and tardy.,2,Claims
"Had issues with claim settlement, not satisfied.",1,Customer Service
Quick and easy online portal.,1,Coverage
Billing department is very efficient and accurate.,4,Claims
Customer service really representatives are knowledgeable.,5,Policy Terms
"Claims denied without reason, very very frustrating.",2,Policy Terms
Highly recommend really this insurance provider.,4,Customer Service
Billing department is efficient and accurate.,3,Claims
"Outstanding customer service, very helpful.",5,Coverage
Coverage options meet my needs perfectly.,4,Claims
Frustrated with the quite renewal process.,3,Claims
"Excellent somewhat support, highly recommend.",4,Claims
Quick and easy online portal.,5,Pricing
Claims process is complicated and tardy.,4,Coverage
Quick and extremely easy online portal.,2,Policy Terms
Highly very recommend this insurance provider.,3,Policy Terms
Premiums are reasonable for the extremely coverage provided.,3,Policy Terms
Highly recommend this insurance provider.,4,Pricing
"Excellent support, highly very recommend.",5,Coverage
Claims process is complicated and tardy.,1,Customer Service
Customer service representatives are somewhat knowledgeable.,5,Pricing
Claims process is complicated and slow.,2,Customer Service
Quick and easy online portal.,5,Coverage
Customer service representatives are quite knowledgeable.,3,Customer Service
"Great insurance, rapid claims processing.",4,Coverage
Highly recommend this quite insurance provider.,5,Pricing
Easy to understand policy terms.,4,Pricing
Easy really to understand policy terms.,1,Policy Terms
Premiums are reasonable for really the coverage provided.,1,Claims
"Good value for money, satisfied really customer.",1,Pricing
"Terrible experience, really will not renew.",4,Claims
"Outstanding extremely customer service, very helpful.",3,Claims
"Great really insurance, fast claims processing.",1,Claims
Billing department somewhat is efficient and accurate.,1,Claims
Quick and uncomplicated online portal.,3,Policy Terms
"Great extremely insurance, fast claims processing.",3,Customer Service
Coverage options meet my needs perfectly.,1,Coverage
Billing department is efficient and accurate.,5,Pricing
"Claims denied without reason, very really frustrating.",1,Claims
Coverage options meet my needs very perfectly.,2,Coverage
Billing department really is efficient and accurate.,4,Claims
"Outstanding really customer service, very helpful.",4,Policy Terms
Coverage very options meet my needs perfectly.,4,Customer Service
"Had really issues with claim settlement, not satisfied.",4,Policy Terms
"Had issues with claim settlement, not satisfied.",3,Customer Service
Highly recommend quite this insurance provider.,3,Coverage
Customer service representatives are quite knowledgeable.,1,Policy Terms
"Great insurance, fast claims processing.",3,Policy Terms
Quick and uncomplicated online portal.,4,Policy Terms
"Good value for somewhat money, satisfied customer.",2,Coverage
"Terrible experience, will not somewhat renew.",1,Customer Service
Quick and easy online portal.,4,Coverage
Easy to understand policy terms.,2,Policy Terms
Premiums quite are reasonable for the coverage provided.,1,Policy Terms
Premiums are reasonable for the coverage quite provided.,1,Policy Terms
Frustrated with the really renewal process.,3,Customer Service
Easy to extremely understand policy terms.,5,Policy Terms
Premiums are reasonable somewhat for the coverage provided.,3,Pricing
Premiums are reasonable for the coverage provided.,5,Coverage
Easy to understand policy terms.,1,Policy Terms
"Hidden fees, not transparent.",3,Claims
"Affordable premiums, but coverage is limited.",3,Customer Service
"Terrible experience, will not renew.",3,Coverage
"Good value for money, really satisfied customer.",2,Coverage
"Great insurance, quick claims processing.",4,Claims
Customer service representatives are knowledgeable.,1,Claims
"Great insurance, speedy claims processing.",5,Claims
"Terrible very experience, will not renew.",5,Claims
"Hidden fees, not transparent.",2,Policy Terms
Customer service representatives are really knowledgeable.,4,Claims
"Had issues with claim settlement, not satisfied.",4,Pricing
Quick and simple online portal.,4,Policy Terms
"Reliable company, been with them for years.",5,Pricing
"Hidden fees, not transparent.",5,Customer Service
Customer service representatives are really knowledgeable.,4,Customer Service
"Terrible extremely experience, will not renew.",2,Policy Terms
"Reliable company, been with them for extremely years.",4,Customer Service
"Had issues with claim settlement, not very satisfied.",5,Claims
"Great insurance, swift claims processing.",2,Policy Terms
"Affordable premiums, but coverage is extremely limited.",5,Claims
Claims process is complicated and slow.,5,Coverage
Claims process is complicated and slow.,2,Policy Terms
Customer somewhat service representatives are knowledgeable.,1,Coverage
"Claims extremely denied without reason, very frustrating.",5,Pricing
Frustrated with the renewal process.,3,Customer Service
"Excellent support, extremely highly recommend.",2,Coverage
"Great insurance, fast claims processing.",5,Pricing
"Affordable premiums, but coverage is limited.",5,Policy Terms
Claims process is complicated and lethargic.,1,Claims
"Great insurance, rapid claims processing.",2,Pricing
Claims process is somewhat complicated and slow.,3,Policy Terms
Coverage options meet my needs perfectly.,1,Pricing
"Affordable premiums, really but coverage is limited.",1,Customer Service
Frustrated with the renewal process.,1,Policy Terms
"Claims denied extremely without reason, very frustrating.",4,Policy Terms
Highly recommend this insurance quite provider.,1,Pricing
"Outstanding customer service, very helpful.",2,Policy Terms
Coverage options meet my needs very perfectly.,5,Claims
"Reliable company, been with somewhat them for years.",2,Coverage
"Poor customer service, took forever quite to get a response.",5,Policy Terms
"Hidden fees, not transparent.",5,Policy Terms
Easy to understand somewhat policy terms.,4,Coverage
"Terrible experience, will not renew.",2,Customer Service
Claims process is complicated and quite slow.,2,Coverage
"Reliable company, been with them for years.",2,Customer Service
"Outstanding customer service, very helpful.",4,Claims
"Hidden fees, quite not transparent.",2,Pricing
"Had quite issues with claim settlement, not satisfied.",1,Policy Terms
"Reliable company, been with them for years.",1,Claims
Easy to really understand policy terms.,3,Pricing
"Outstanding customer service, very somewhat helpful.",2,Policy Terms
"Hidden fees, not transparent.",2,Claims
"Poor customer service, took forever to somewhat get a response.",5,Coverage
"Claims denied very without reason, very frustrating.",3,Coverage
"Excellent support, highly very recommend.",2,Coverage
Highly really recommend this insurance provider.,3,Coverage
"Poor customer service, quite took forever to get a response.",4,Policy Terms
Frustrated with the renewal process.,3,Claims
Billing department is somewhat efficient and accurate.,2,Customer Service
"Excellent support, quite highly recommend.",3,Claims
Claims process is complicated and sluggish.,2,Claims
"Good value for money, satisfied customer.",1,Coverage
Claims process is complicated and slow.,1,Policy Terms
Coverage options meet my really needs perfectly.,3,Coverage
Easy very to understand policy terms.,4,Coverage
Billing department is extremely efficient and accurate.,2,Policy Terms
Easy to understand policy terms.,1,Claims
Premiums are reasonable quite for the coverage provided.,3,Policy Terms
"Excellent support, highly very recommend.",5,Pricing
"Great insurance, swift claims processing.",5,Claims
Coverage options meet my needs perfectly.,1,Customer Service
"Outstanding customer service, very quite helpful.",5,Coverage
"Great insurance, somewhat fast claims processing.",5,Policy Terms
"Excellent very support, highly recommend.",4,Pricing
Frustrated with the renewal process.,5,Customer Service
Quick and straightforward online portal.,4,Policy Terms
Highly recommend really this insurance provider.,2,Coverage
Easy to very understand policy terms.,5,Customer Service
Quick somewhat and easy online portal.,1,Coverage
"Excellent support, extremely highly recommend.",4,Policy Terms
"Poor customer service, took forever to get a really response.",2,Policy Terms
Premiums are reasonable for the very coverage provided.,2,Policy Terms
"Good value for money, somewhat satisfied customer.",5,Customer Service
Frustrated with somewhat the renewal process.,3,Claims
"Reliable company, been with them for years.",5,Claims
"Had extremely issues with claim settlement, not satisfied.",5,Policy Terms
Frustrated with the renewal process.,4,Coverage
"Hidden fees, not somewhat transparent.",3,Claims
Easy to understand policy quite terms.,2,Claims
"Terrible experience, will quite not renew.",1,Customer Service
Quick really and easy online portal.,5,Policy Terms
Highly recommend this insurance provider.,5,Customer Service
Customer service representatives are extremely knowledgeable.,4,Customer Service
"Poor customer really service, took forever to get a response.",3,Customer Service
Easy extremely to understand policy terms.,2,Pricing
"Outstanding customer service, very very helpful.",3,Claims
"Good value for really money, satisfied customer.",1,Policy Terms
"Reliable company, been with them extremely for years.",5,Customer Service
Customer quite service representatives are knowledgeable.,3,Customer Service
Premiums are reasonable for the very coverage provided.,5,Policy Terms
"Hidden fees, not transparent.",1,Policy Terms
"Great insurance, extremely fast claims processing.",3,Customer Service
"Hidden somewhat fees, not transparent.",5,Policy Terms
Easy really to understand policy terms.,1,Pricing
Quick quite and simple online portal.,1,Claims
"Great insurance, fast claims processing.",2,Policy Terms
"Hidden fees, not quite transparent.",5,Customer Service
Premiums are somewhat reasonable for the coverage provided.,2,Pricing
Claims process is complicated and slow.,4,Customer Service
"Outstanding customer service, very very helpful.",2,Policy Terms
"Had issues with claim settlement, very not satisfied.",1,Coverage
Premiums are reasonable for really the coverage provided.,3,Claims
Quick and easy extremely online portal.,3,Pricing
Claims process is complicated and sluggish.,4,Claims
"Poor customer service, took forever to get a response.",4,Pricing
"Terrible experience, will not renew.",1,Customer Service
Customer service representatives extremely are knowledgeable.,2,Policy Terms
Premiums are quite reasonable for the coverage provided.,3,Pricing
Premiums are reasonable for the really coverage provided.,4,Pricing
Frustrated with the renewal process.,3,Policy Terms
"Great insurance, rapid somewhat claims processing.",1,Customer Service
Quick and straightforward online portal.,1,Policy Terms
"Affordable premiums, but really coverage is limited.",4,Customer Service
"Outstanding customer service, very very helpful.",1,Claims
"Hidden fees, not transparent.",3,Policy Terms
"Hidden fees, not transparent.",4,Customer Service
Coverage options meet somewhat my needs perfectly.,3,Claims
"Good value for money, quite satisfied customer.",4,Policy Terms
"Had issues very with claim settlement, not satisfied.",4,Policy Terms
Highly recommend extremely this insurance provider.,2,Customer Service
Claims process is complicated and extremely slow.,3,Customer Service
Claims process is complicated and lethargic.,5,Coverage
Quick and simple online portal.,1,Coverage
"Affordable extremely premiums, but coverage is limited.",5,Policy Terms
Quick and easy online portal.,1,Pricing
"Excellent support, extremely highly recommend.",2,Claims
Customer service representatives quite are knowledgeable.,3,Coverage
"Terrible experience, will quite not renew.",2,Claims
"Good value for money, satisfied customer.",3,Claims
"Poor customer extremely service, took forever to get a response.",1,Policy Terms
"Terrible experience, will not renew.",5,Claims
Customer service quite representatives are knowledgeable.,1,Customer Service
"Affordable premiums, but extremely coverage is limited.",5,Coverage
"Great insurance, swift claims very processing.",4,Customer Service
"Terrible experience, will not really renew.",5,Claims
"Claims denied without really reason, very frustrating.",4,Policy Terms
"Excellent support, highly really recommend.",2,Pricing
"Affordable premiums, but coverage is limited.",3,Pricing
"Poor customer service, took forever to get a response.",3,Policy Terms
Customer service representatives are really knowledgeable.,5,Coverage
Premiums are reasonable for the coverage extremely provided.,3,Claims
Quick and simple somewhat online portal.,5,Coverage
"Claims very denied without reason, very frustrating.",4,Policy Terms
"Claims denied without reason, very frustrating.",4,Coverage
"Great insurance, quick claims processing.",1,Coverage
"Outstanding very customer service, very helpful.",1,Coverage
"Hidden fees, not extremely transparent.",5,Claims
Customer service representatives really are knowledgeable.,3,Coverage
"Outstanding customer service, very helpful.",4,Pricing
Coverage options meet quite my needs perfectly.,3,Customer Service
Coverage options meet my really needs perfectly.,5,Pricing
Highly recommend this insurance very provider.,2,Claims
"Hidden somewhat fees, not transparent.",2,Coverage
Quick and straightforward extremely online portal.,3,Customer Service
"Had quite issues with claim settlement, not satisfied.",1,Claims
Frustrated with the renewal process.,2,Pricing
Easy to really understand policy terms.,1,Policy Terms
Claims process is complicated and delayed.,4,Policy Terms
"Outstanding customer service, very quite helpful.",3,Coverage
"Reliable company, been very with them for years.",3,Customer Service
"Great quite insurance, fast claims processing.",3,Coverage
"Good value for somewhat money, satisfied customer.",1,Pricing
"Reliable company, been quite with them for years.",5,Claims
"Poor customer service, took somewhat forever to get a response.",3,Coverage
"Excellent support, really highly recommend.",5,Policy Terms
Frustrated really with the renewal process.,1,Policy Terms
Premiums are reasonable for the quite coverage provided.,2,Pricing
Premiums are reasonable for the coverage really provided.,1,Pricing
Customer extremely service representatives are knowledgeable.,5,Customer Service
"Great insurance, quite fast claims processing.",3,Coverage
Quick and straightforward online portal.,3,Claims
Claims somewhat process is complicated and slow.,5,Coverage
Easy to understand very policy terms.,5,Claims
Claims somewhat process is complicated and slow.,1,Coverage
"Affordable somewhat premiums, but coverage is limited.",1,Claims
Quick and extremely simple online portal.,2,Customer Service
"Affordable really premiums, but coverage is limited.",3,Policy Terms
Premiums are reasonable for the somewhat coverage provided.,4,Customer Service
Quick and easy online very portal.,3,Policy Terms
"Great insurance, swift claims processing.",4,Customer Service
Frustrated with the renewal quite process.,4,Pricing
Claims process is complicated and lethargic.,3,Customer Service
Customer service extremely representatives are knowledgeable.,1,Customer Service
"Outstanding customer very service, very helpful.",3,Coverage
Claims process is complicated and sluggish.,1,Pricing
Quick and uncomplicated online portal.,5,Claims
"Had issues with claim settlement, not satisfied.",2,Claims
Frustrated very with the renewal process.,3,Coverage
"Great insurance, speedy claims processing.",1,Pricing
"Claims denied without reason, very frustrating.",1,Policy Terms
"Affordable premiums, but coverage is limited.",5,Claims
Easy to really understand policy terms.,3,Policy Terms
"Great insurance, quick claims processing.",1,Policy Terms
Claims process is complicated and sluggish.,3,Pricing
"Affordable premiums, but coverage is very limited.",5,Coverage
"Claims denied without reason, somewhat very frustrating.",1,Policy Terms
Billing department is extremely efficient and accurate.,2,Customer Service
Claims process somewhat is complicated and lethargic.,3,Pricing
Billing department extremely is efficient and accurate.,2,Pricing
Billing department is efficient and accurate.,2,Customer Service
Easy to understand very policy terms.,3,Pricing
"Great insurance, swift claims processing.",5,Coverage
Quick and uncomplicated online portal.,4,Customer Service
"Reliable very company, been with them for years.",2,Pricing
"Reliable somewhat company, been with them for years.",1,Policy Terms
Quick and simple online portal.,4,Claims
"Outstanding customer service, really very helpful.",4,Pricing
"Good really value for money, satisfied customer.",1,Customer Service
"Great insurance, speedy claims processing.",3,Pricing
"Great insurance, speedy claims processing.",5,Coverage
"Terrible extremely experience, will not renew.",1,Coverage
Frustrated with the really renewal process.,1,Customer Service
"Great insurance, swift claims processing.",4,Policy Terms
"Good value quite for money, satisfied customer.",4,Coverage
"Reliable very company, been with them for years.",3,Customer Service
Highly extremely recommend this insurance provider.,3,Policy Terms
Quick and really easy online portal.,5,Claims
Easy to very understand policy terms.,4,Pricing
"Reliable company, very been with them for years.",1,Policy Terms
Frustrated with extremely the renewal process.,1,Pricing
Billing department is very efficient and accurate.,5,Policy Terms
Customer service representatives are extremely knowledgeable.,2,Pricing
Customer service representatives are very knowledgeable.,3,Pricing
Premiums somewhat are reasonable for the coverage provided.,5,Pricing
"Affordable premiums, but very coverage is limited.",1,Pricing
"Had issues with claim really settlement, not satisfied.",2,Customer Service
"Great insurance, quick claims processing.",5,Customer Service
Billing department is efficient and really accurate.,4,Claims
Customer service representatives are very knowledgeable.,5,Pricing
Easy to extremely understand policy terms.,4,Customer Service
"Terrible experience, will not quite renew.",3,Coverage
Quick and simple online portal.,2,Customer Service
"Terrible extremely experience, will not renew.",2,Claims
"Terrible experience, very will not renew.",3,Customer Service
"Outstanding customer service, very helpful.",1,Customer Service
"Claims denied without reason, very frustrating.",3,Customer Service
Claims process is complicated and lethargic.,1,Coverage
Claims process is complicated and extremely slow.,5,Policy Terms
"Poor customer service, took forever to get a response.",1,Pricing
"Poor customer service, took forever to quite get a response.",1,Policy Terms
Customer very service representatives are knowledgeable.,5,Coverage
"Claims quite denied without reason, very frustrating.",5,Pricing
"Poor customer service, took somewhat forever to get a response.",1,Customer Service
"Great insurance, rapid claims processing.",1,Policy Terms
"Claims denied without reason, very frustrating.",5,Policy Terms
"Good value for money, satisfied customer.",2,Policy Terms
"Hidden fees, not very transparent.",2,Claims
"Great insurance, quick claims extremely processing.",1,Coverage
"Great insurance, quick claims processing.",2,Coverage
Claims process is complicated and really slow.,4,Customer Service
"Excellent support, highly very recommend.",3,Customer Service
"Great insurance, fast claims somewhat processing.",5,Claims
Coverage options meet my needs extremely perfectly.,4,Claims
